<?xml version="1.0" encoding="UTF-8"?>
<project-private xmlns="http://www.netbeans.org/ns/project-private/1">
    <editor-bookmarks xmlns="http://www.netbeans.org/ns/editor-bookmarks/2" lastBookmarkId="0"/>
    <open-files xmlns="http://www.netbeans.org/ns/projectui-open-files/2">
        <group>
            <file>file:/C:/Users/lucas/OneDrive/Área%20de%20Trabalho/Compiladores/Rot%2014/teste.txt</file>
            <file>file:/C:/Users/lucas/OneDrive/Área%20de%20Trabalho/Compiladores/Rot%2014/src/main/Piloto.java</file>
        </group>
    </open-files>
</project-private>
